temperature,ln_k
300,-1.476812908468375
320,-0.4143997010778417
340,0.9268921009789479
360,2.1721664522713473
380,2.524244285490016
400,3.315558733124528
420,4.575510375515933
440,4.982837595659072
