temperature,purity
300,85.24835707650561
320,85.5308678494144
340,86.52384426905034
360,87.561514928204
380,87.28292331263833
400,87.8829315215254
420,89.38960640775369
440,89.58371736457646
460,89.56526280703252
480,90.67128002179298
