temperature,rate_constant
300,21.729827637242593
320,66.99358811446642
340,236.81835985054923
360,753.729577101779
380,1277.716537829362
400,2819.0144437287627
420,8289.618932579044
440,13511.065680804451
460,19113.430870397468
480,40347.93528308463
