substrate,rate
0.5,10.58105154994279
1.0,16.251873763153114
2.0,30.51449418573065
4.0,49.01353401366852
8.0,60.83600141429153
16.0,75.48806531962865
32.0,91.22412493300865
64.0,95.05592737586453
